<ImportExportXml version="9.2.21052.133" SolutionPackageVersion="9.2" languagecode="1033" generatedBy="CrmLive" xmlns:xsi="http://www.w3.org/2001/XMLSchema-instance">
  <SolutionManifest>
    <UniqueName>ExportComponents7c0ac7973860426fa23f981f71285ed7</UniqueName>
    <LocalizedNames>
      <LocalizedName description="ExportComponents7c0ac7973860426fa23f981f71285ed7" languagecode="1033" />
    </LocalizedNames>
    <Descriptions />
    <Version>1.0</Version>
    <Managed>0</Managed>
    <Publisher>
      <UniqueName>Cree354</UniqueName>
      <LocalizedNames>
        <LocalizedName description="CDS Default Publisher" languagecode="1033" />
      </LocalizedNames>
      <Descriptions />
      <EMailAddress xsi:nil="true"></EMailAddress>
      <SupportingWebsiteUrl xsi:nil="true"></SupportingWebsiteUrl>
      <CustomizationPrefix>cre6f</CustomizationPrefix>
      <CustomizationOptionValuePrefix>86122</CustomizationOptionValuePrefix>
    </Publisher>
    <RootComponents>
      <RootComponent type="1" schemaName="crbcd_building" behavior="0" />
      <RootComponent type="1" schemaName="crbcd_maintenancerequest" behavior="0" />
      <RootComponent type="1" schemaName="cre6f_appconfiguration" behavior="0" />
      <RootComponent type="1" schemaName="cre6f_assessmentanswer" behavior="0" />
      <RootComponent type="1" schemaName="cre6f_assessmentquestion" behavior="0" />
      <RootComponent type="1" schemaName="cre6f_class" behavior="0" />
      <RootComponent type="1" schemaName="cre6f_classenrollment" behavior="0" />
      <RootComponent type="1" schemaName="cre6f_emotionalcheckin" behavior="0" />
      <RootComponent type="1" schemaName="cre6f_emotions" behavior="0" />
      <RootComponent type="1" schemaName="cre6f_guardian" behavior="0" />
      <RootComponent type="1" schemaName="cre6f_lessonassessment" behavior="0" />
      <RootComponent type="1" schemaName="cre6f_pointcategory" behavior="0" />
      <RootComponent type="1" schemaName="cre6f_readinglog" behavior="0" />
      <RootComponent type="1" schemaName="cre6f_reward" behavior="0" />
      <RootComponent type="1" schemaName="cre6f_student" behavior="0" />
      <RootComponent type="1" schemaName="cre6f_studentassessmentanswer" behavior="0" />
      <RootComponent type="1" schemaName="cre6f_studentclassgamificationsummary" behavior="0" />
      <RootComponent type="1" schemaName="cre6f_studentguardian" behavior="0" />
      <RootComponent type="1" schemaName="cre6f_studentpointlog" behavior="0" />
      <RootComponent type="1" schemaName="cre6f_studentrewardlog" behavior="0" />
      <RootComponent type="1" schemaName="cre6f_teacher" behavior="0" />
      <RootComponent type="9" schemaName="crbcd_maintenancerequesttype" behavior="0" />
      <RootComponent type="9" schemaName="crbcd_requestormanagerapproval" behavior="0" />
      <RootComponent type="9" schemaName="crbcd_typeofrequest" behavior="0" />
      <RootComponent type="9" schemaName="crbcd_workcompleted" behavior="0" />
      <RootComponent type="9" schemaName="cre6f_gradelevel" behavior="0" />
      <RootComponent type="9" schemaName="cre6f_questiontype" behavior="0" />
      <RootComponent type="9" schemaName="cre6f_raceidentification" behavior="0" />
      <RootComponent type="9" schemaName="cre6f_rating" behavior="0" />
      <RootComponent type="9" schemaName="cre6f_relationship" behavior="0" />
      <RootComponent type="9" schemaName="cre6f_sex" behavior="0" />
      <RootComponent type="9" schemaName="cre6f_studentrewardstatus" behavior="0" />
      <RootComponent type="9" schemaName="cre6f_subject" behavior="0" />
      <RootComponent type="300" schemaName="crbcd_maintenancerequest_3d56e" behavior="0" />
      <RootComponent type="300" schemaName="cre6f_appconfiguration_25988" behavior="0" />
      <RootComponent type="300" schemaName="cre6f_classlessonassessment_4b496" behavior="0" />
      <RootComponent type="300" schemaName="cre6f_gamifiedclassroom_b7576" behavior="0" />
      <RootComponent type="300" schemaName="cre6f_readinglog_f091b" behavior="0" />
      <RootComponent type="300" schemaName="cre6f_studentcheckin_ebc24" behavior="0" />
    </RootComponents>
    <MissingDependencies />
  </SolutionManifest>
</ImportExportXml>